{
  "model": "Qwen/Qwen2.5-7B-Instruct",
  "inject_layer": 17,
  "n_layers": 28,
  "n_runs": 3,
  "subsample": 0.9,
  "concepts": {
    "formality": {
      "inject_cos_mean": 0.9723328145609874,
      "inject_cos_min": 0.9599270262742664,
      "inject_cos_pairs": [
        0.9599,
        0.992,
        0.9651
      ],
      "mean_layer_cos": 0.824701119548819,
      "n_pairs_data": 62
    }
  }
}