{
  "model": "NousResearch/Meta-Llama-3.1-8B-Instruct",
  "inject_layer": 20,
  "n_layers": 32,
  "n_runs": 3,
  "subsample": 0.7,
  "concepts": {
    "verbosity": {
      "inject_cos_mean": 0.9243754229588498,
      "inject_cos_min": 0.9087962825283546,
      "inject_cos_pairs": [
        0.9533,
        0.9111,
        0.9088
      ],
      "mean_layer_cos": 0.7842852420756015,
      "n_pairs_data": 48
    }
  }
}